symbol,orderId,orderListId,listClientOrderId,origQty,price,status,type,side,stopPrice
ETCUSDT,2367199613,59244107,opEhJb2Nh8sh7a5nfJgHdB,0.42000000,28.77000000,NEW,STOP_LOSS_LIMIT,SELL,28.92000000
ETCUSDT,2367199614,59244107,opEhJb2Nh8sh7a5nfJgHdB,0.42000000,36.51000000,NEW,LIMIT_MAKER,SELL
ETCUSDT,2367199634,59244109,2N0VES99zltwcvkh60RyZp,0.42000000,28.77000000,NEW,STOP_LOSS_LIMIT,SELL,28.92000000
ETCUSDT,2367199635,59244109,2N0VES99zltwcvkh60RyZp,0.42000000,38.49000000,NEW,LIMIT_MAKER,SELL
