symbol,orderId,orderListId,listClientOrderId,origQty,price,status,type,side,stopPrice
ETCUSDT,2367199094,59244100,9BLFIwznE9dMkgioikc4al,0.47000000,28.77000000,NEW,STOP_LOSS_LIMIT,SELL,28.92000000
ETCUSDT,2367199095,59244100,9BLFIwznE9dMkgioikc4al,0.47000000,36.51000000,NEW,LIMIT_MAKER,SELL
ETCUSDT,2367199122,59244102,7mRXVQRaaThpHfWJlOP3Hy,0.47000000,28.77000000,NEW,STOP_LOSS_LIMIT,SELL,28.92000000
ETCUSDT,2367199123,59244102,7mRXVQRaaThpHfWJlOP3Hy,0.47000000,38.49000000,NEW,LIMIT_MAKER,SELL
