symbol,orderId,orderListId,listClientOrderId,origQty,price,status,type,side,stopPrice
ZECUSDT,1466107985,59246515,axfZmetzKFNbQvn9fV3nyo,0.12900000,111.90000000,NEW,STOP_LOSS_LIMIT,SELL,112.50000000
ZECUSDT,1466107986,59246515,axfZmetzKFNbQvn9fV3nyo,0.12900000,149.20000000,NEW,LIMIT_MAKER,SELL
ZECUSDT,1466107993,59246516,H5DQFTvtdjxNT8yF806W58,0.12900000,111.90000000,NEW,STOP_LOSS_LIMIT,SELL,112.50000000
ZECUSDT,1466107994,59246516,H5DQFTvtdjxNT8yF806W58,0.12900000,164.10000000,NEW,LIMIT_MAKER,SELL
XTZUSDT,1107337951,59248790,T472cnORZcH49zCGZyLD0O,3.90000000,3.69200000,NEW,STOP_LOSS_LIMIT,SELL,3.71100000
XTZUSDT,1107337952,59248790,T472cnORZcH49zCGZyLD0O,3.90000000,4.60000000,NEW,LIMIT_MAKER,SELL
XTZUSDT,1107337972,59248791,YXnDv57l8OI3DmWdYwyooJ,3.90000000,3.69200000,NEW,STOP_LOSS_LIMIT,SELL,3.71100000
XTZUSDT,1107337973,59248791,YXnDv57l8OI3DmWdYwyooJ,3.90000000,5.04000000,NEW,LIMIT_MAKER,SELL
