symbol,orderId,orderListId,listClientOrderId,origQty,price,status,type,side,stopPrice
ZECUSDT,1466108025,59246519,uu8VnxCSpSxVd3sIqFWdcJ,0.11800000,111.90000000,NEW,STOP_LOSS_LIMIT,SELL,112.50000000
ZECUSDT,1466108026,59246519,uu8VnxCSpSxVd3sIqFWdcJ,0.11800000,149.20000000,NEW,LIMIT_MAKER,SELL
ZECUSDT,1466108032,59246520,IHfhq0uRlOBfyQs8StFETh,0.11800000,111.90000000,NEW,STOP_LOSS_LIMIT,SELL,112.50000000
ZECUSDT,1466108033,59246520,IHfhq0uRlOBfyQs8StFETh,0.11800000,164.10000000,NEW,LIMIT_MAKER,SELL
