symbol,orderId,clientOrderId,price,quotOrderQty,executedQty,status,type,side,commission,commissionAsset
ZRXUSDT,513398584,IBdcZFqHADh76mVcbEzG4V,0,0,0,,,,0,0
XTZUSDT,1107058206,oNi8GmAhiyDq1Gv7Exxue2,0,0,0,,,,0,0
ZECUSDT,1465887112,AkxKKkBvgpxVXwaXU86CE5,0,0,0,,,,0,0
ETCUSDT,2366970154,utLPX5E5IIOT2O0NiEhJGc,0,0,0,,,,0,0
ZRXUSDT,513401101,DHB43F0CBtFAkpgZkvE0VA,0,0,0,,,,0,0
XTZUSDT,1107064672,mS01480K7U5Oh1viShyu10,0,0,0,,,,0,0
ZECUSDT,1465895726,hM6SMqzq7dEjo5tKa1ScBd,0,0,0,,,,0,0
ETCUSDT,2366982815,INoGU5vNfanZuXKNZvM2Ha,0,0,0,,,,0,0
ZRXUSDT,513401760,m1937SAksoPtHIakFsydRi,0,0,0,,,,0,0
XTZUSDT,1107067278,2wbwpAILXucSnD0MIChefK,0,0,0,,,,0,0
ZECUSDT,1465898385,Th4GNfxz3ehFvVovkV81ve,0,0,0,,,,0,0
ETCUSDT,2366987742,uuHhnWDuFFoNmBbp9nSZuS,0,0,0,,,,0,0
