symbol,orderId,orderListId,listClientOrderId,origQty,price,status,type,side,stopPrice
ZECUSDT,1466107917,59246512,U84WoI3OJjI5djwbmFdpkX,0.11600000,111.90000000,NEW,STOP_LOSS_LIMIT,SELL,112.50000000
ZECUSDT,1466107918,59246512,U84WoI3OJjI5djwbmFdpkX,0.11600000,149.20000000,NEW,LIMIT_MAKER,SELL
ZECUSDT,1466107924,59246513,LcBM43Sb1Lz46e1sB7OZlK,0.11600000,111.90000000,NEW,STOP_LOSS_LIMIT,SELL,112.50000000
ZECUSDT,1466107925,59246513,LcBM43Sb1Lz46e1sB7OZlK,0.11600000,164.10000000,NEW,LIMIT_MAKER,SELL
XTZUSDT,1107337848,59248788,2d52VQpZyXGucEwNx5XHZh,3.50000000,3.69200000,NEW,STOP_LOSS_LIMIT,SELL,3.71100000
XTZUSDT,1107337849,59248788,2d52VQpZyXGucEwNx5XHZh,3.50000000,4.60000000,NEW,LIMIT_MAKER,SELL
XTZUSDT,1107337868,59248789,C3FFsarcsT6SKX313sL8Wd,3.50000000,3.69200000,NEW,STOP_LOSS_LIMIT,SELL,3.71100000
XTZUSDT,1107337869,59248789,C3FFsarcsT6SKX313sL8Wd,3.50000000,5.04000000,NEW,LIMIT_MAKER,SELL
