symbol,orderId,orderListId,listClientOrderId,origQty,price,status,type,side,stopPrice
ETCUSDT,2367198875,59244098,Zatr9NcIwED8Hmq7tZsZP2,0.42000000,28.77000000,NEW,STOP_LOSS_LIMIT,SELL,28.92000000
ETCUSDT,2367198876,59244098,Zatr9NcIwED8Hmq7tZsZP2,0.42000000,36.51000000,NEW,LIMIT_MAKER,SELL
ETCUSDT,2367198895,59244099,q5Ruyz7wNBiRaHNYaMnUhW,0.42000000,28.77000000,NEW,STOP_LOSS_LIMIT,SELL,28.92000000
ETCUSDT,2367198896,59244099,q5Ruyz7wNBiRaHNYaMnUhW,0.42000000,38.49000000,NEW,LIMIT_MAKER,SELL
