symbol,orderId,orderListId,listClientOrderId,origQty,price,status,type,side,stopPrice
ETCUSDT,2367199253,59244105,SLHoURSIEtJxbAIGBK3OmL,0.43000000,28.77000000,NEW,STOP_LOSS_LIMIT,SELL,28.92000000
ETCUSDT,2367199254,59244105,SLHoURSIEtJxbAIGBK3OmL,0.43000000,36.51000000,NEW,LIMIT_MAKER,SELL
ETCUSDT,2367199275,59244106,Lql5rDz7BUzQ95sg1apzz7,0.43000000,28.77000000,NEW,STOP_LOSS_LIMIT,SELL,28.92000000
ETCUSDT,2367199276,59244106,Lql5rDz7BUzQ95sg1apzz7,0.43000000,38.49000000,NEW,LIMIT_MAKER,SELL
